name,n_pts,interval,mean,std_dev,use_actual
solarramp,300,0.0002777777777777778,0.7740333333333342,0.3939049410252456,false
storageramp,300,0.0002777777777777778,0.2259666666666668,0.3939049410252454,false
