name,enabled,n_phases,n_conds,base_freq,x_hl,x_ht,x_lt,pct_load_loss,ppm_anti_float
reg1a,true,3,4,60,0.00001,0.35,0.3,0.00001,0
xfm1,true,3,4,60,0.0272,0.35,0.3,1.27,1E-6
reg2a,true,1,2,60,0.0001,0.35,0.3,0.00001,0
reg3a,true,1,2,60,0.0001,0.35,0.3,0.00001,0
reg4a,true,1,2,60,0.0001,0.35,0.3,0.00001,0
reg3c,true,1,2,60,0.0001,0.35,0.3,0.00001,0
reg4b,true,1,2,60,0.0001,0.35,0.3,0.00001,0
reg4c,true,1,2,60,0.0001,0.35,0.3,0.00001,0
